[
  {
    "model": "admin.logentry",
    "pk": 1,
    "fields": {
      "action_time": "2022-12-08T04:17:18.238Z",
      "user": 1,
      "content_type": 7,
      "object_id": "1",
      "object_repr": "Les Collines de l'Outaouais",
      "action_flag": 1,
      "change_message": "[{\"added\": {}}]"
    }
  },
  {
    "model": "admin.logentry",
    "pk": 2,
    "fields": {
      "action_time": "2022-12-08T04:17:23.662Z",
      "user": 1,
      "content_type": 7,
      "object_id": "2",
      "object_repr": "Papineau",
      "action_flag": 1,
      "change_message": "[{\"added\": {}}]"
    }
  },
  {
    "model": "admin.logentry",
    "pk": 3,
    "fields": {
      "action_time": "2022-12-08T04:17:31.033Z",
      "user": 1,
      "content_type": 7,
      "object_id": "3",
      "object_repr": "Pontiac",
      "action_flag": 1,
      "change_message": "[{\"added\": {}}]"
    }
  },
  {
    "model": "admin.logentry",
    "pk": 4,
    "fields": {
      "action_time": "2022-12-08T04:18:14.096Z",
      "user": 1,
      "content_type": 7,
      "object_id": "4",
      "object_repr": "La Vallée-de-la-Gatineau",
      "action_flag": 1,
      "change_message": "[{\"added\": {}}]"
    }
  },
  {
    "model": "admin.logentry",
    "pk": 5,
    "fields": {
      "action_time": "2022-12-08T04:18:24.514Z",
      "user": 1,
      "content_type": 7,
      "object_id": "5",
      "object_repr": "Antoine-Labelle",
      "action_flag": 1,
      "change_message": "[{\"added\": {}}]"
    }
  },
  {
    "model": "admin.logentry",
    "pk": 6,
    "fields": {
      "action_time": "2022-12-08T04:18:35.757Z",
      "user": 1,
      "content_type": 7,
      "object_id": "6",
      "object_repr": "Argenteuil",
      "action_flag": 1,
      "change_message": "[{\"added\": {}}]"
    }
  },
  {
    "model": "admin.logentry",
    "pk": 7,
    "fields": {
      "action_time": "2022-12-08T04:18:43.327Z",
      "user": 1,
      "content_type": 7,
      "object_id": "7",
      "object_repr": "Les Laurentides",
      "action_flag": 1,
      "change_message": "[{\"added\": {}}]"
    }
  },
  {
    "model": "admin.logentry",
    "pk": 8,
    "fields": {
      "action_time": "2022-12-08T04:25:51.410Z",
      "user": 1,
      "content_type": 7,
      "object_id": "8",
      "object_repr": "Vallée-de-l'Or",
      "action_flag": 1,
      "change_message": "[{\"added\": {}}]"
    }
  },
  {
    "model": "admin.logentry",
    "pk": 9,
    "fields": {
      "action_time": "2022-12-08T04:25:59.417Z",
      "user": 1,
      "content_type": 7,
      "object_id": "9",
      "object_repr": "Matawinie",
      "action_flag": 1,
      "change_message": "[{\"added\": {}}]"
    }
  },
  {
    "model": "admin.logentry",
    "pk": 10,
    "fields": {
      "action_time": "2022-12-08T05:00:13.555Z",
      "user": 1,
      "content_type": 7,
      "object_id": "10",
      "object_repr": "Gatineau",
      "action_flag": 1,
      "change_message": "[{\"added\": {}}]"
    }
  },
  {
    "model": "admin.logentry",
    "pk": 11,
    "fields": {
      "action_time": "2022-12-08T05:00:15.581Z",
      "user": 1,
      "content_type": 8,
      "object_id": "1",
      "object_repr": "Municipalite object (1)",
      "action_flag": 1,
      "change_message": "[{\"added\": {}}]"
    }
  },
  {
    "model": "admin.logentry",
    "pk": 12,
    "fields": {
      "action_time": "2022-12-08T05:01:48.069Z",
      "user": 1,
      "content_type": 8,
      "object_id": "2",
      "object_repr": "Lac-du-Taureau",
      "action_flag": 1,
      "change_message": "[{\"added\": {}}]"
    }
  },
  {
    "model": "admin.logentry",
    "pk": 13,
    "fields": {
      "action_time": "2022-12-08T05:02:05.927Z",
      "user": 1,
      "content_type": 8,
      "object_id": "3",
      "object_repr": "Lac-Cabasta",
      "action_flag": 1,
      "change_message": "[{\"added\": {}}]"
    }
  },
  {
    "model": "admin.logentry",
    "pk": 14,
    "fields": {
      "action_time": "2022-12-08T05:04:44.535Z",
      "user": 1,
      "content_type": 8,
      "object_id": "4",
      "object_repr": "Réservoir-Dozois",
      "action_flag": 1,
      "change_message": "[{\"added\": {}}]"
    }
  },
  {
    "model": "admin.logentry",
    "pk": 15,
    "fields": {
      "action_time": "2022-12-08T05:18:59.639Z",
      "user": 1,
      "content_type": 7,
      "object_id": "7",
      "object_repr": "Les Laurentides",
      "action_flag": 2,
      "change_message": "[{\"added\": {\"name\": \"municipalite\", \"object\": \"Amherst\"}}]"
    }
  },
  {
    "model": "admin.logentry",
    "pk": 16,
    "fields": {
      "action_time": "2022-12-08T05:20:06.720Z",
      "user": 1,
      "content_type": 7,
      "object_id": "6",
      "object_repr": "Argenteuil",
      "action_flag": 2,
      "change_message": "[{\"added\": {\"name\": \"municipalite\", \"object\": \"Grenville-sur-la-Rouge\"}}]"
    }
  },
  {
    "model": "admin.logentry",
    "pk": 17,
    "fields": {
      "action_time": "2022-12-08T05:22:15.703Z",
      "user": 1,
      "content_type": 7,
      "object_id": "5",
      "object_repr": "Antoine-Labelle",
      "action_flag": 2,
      "change_message": "[{\"added\": {\"name\": \"municipalite\", \"object\": \"Chute-Saint-Philippe\"}}, {\"added\": {\"name\": \"municipalite\", \"object\": \"Ferme-Neuve\"}}, {\"added\": {\"name\": \"municipalite\", \"object\": \"Kiamika\"}}, {\"added\": {\"name\": \"municipalite\", \"object\": \"Lac-Akonapwehikan\"}}, {\"added\": {\"name\": \"municipalite\", \"object\": \"Lac-Bazinet\"}}, {\"added\": {\"name\": \"municipalite\", \"object\": \"Lac-De La Bidi\\u00e8re\"}}, {\"added\": {\"name\": \"municipalite\", \"object\": \"Lac-des-\\u00c9corces\"}}]"
    }
  },
  {
    "model": "admin.logentry",
    "pk": 18,
    "fields": {
      "action_time": "2022-12-08T05:28:02.260Z",
      "user": 1,
      "content_type": 7,
      "object_id": "5",
      "object_repr": "Antoine-Labelle",
      "action_flag": 2,
      "change_message": "[{\"added\": {\"name\": \"municipalite\", \"object\": \"Lac-Douaire\"}}, {\"added\": {\"name\": \"municipalite\", \"object\": \"Lac-Du-Cerf\"}}]"
    }
  },
  {
    "model": "admin.logentry",
    "pk": 19,
    "fields": {
      "action_time": "2022-12-08T05:30:38.180Z",
      "user": 1,
      "content_type": 7,
      "object_id": "5",
      "object_repr": "Antoine-Labelle",
      "action_flag": 2,
      "change_message": "[{\"added\": {\"name\": \"municipalite\", \"object\": \"Lac-Ernest\"}}, {\"added\": {\"name\": \"municipalite\", \"object\": \"Lac-Marguerite\"}}, {\"added\": {\"name\": \"municipalite\", \"object\": \"Lac-Oscar\"}}, {\"added\": {\"name\": \"municipalite\", \"object\": \"Lac-Saguay\"}}, {\"added\": {\"name\": \"municipalite\", \"object\": \"Lac-Saint-Paul\"}}, {\"added\": {\"name\": \"municipalite\", \"object\": \"Lac-Wagwabika\"}}, {\"added\": {\"name\": \"municipalite\", \"object\": \"Mont-Laurier\"}}, {\"added\": {\"name\": \"municipalite\", \"object\": \"Mont-Saint-Michel\"}}, {\"added\": {\"name\": \"municipalite\", \"object\": \"Notre-Dame-Pontmain\"}}, {\"added\": {\"name\": \"municipalite\", \"object\": \"Notre-Dame-du-Laus\"}}, {\"added\": {\"name\": \"municipalite\", \"object\": \"Saint-Aim\\u00e9-du-Lac-des-\\u00celes\"}}, {\"added\": {\"name\": \"municipalite\", \"object\": \"Sainte-Anne-du-Lac\"}}]"
    }
  },
  {
    "model": "admin.logentry",
    "pk": 20,
    "fields": {
      "action_time": "2022-12-08T05:35:10.855Z",
      "user": 1,
      "content_type": 7,
      "object_id": "2",
      "object_repr": "Papineau",
      "action_flag": 2,
      "change_message": "[{\"added\": {\"name\": \"municipalite\", \"object\": \"Bowman\"}}, {\"added\": {\"name\": \"municipalite\", \"object\": \"Boileau\"}}, {\"added\": {\"name\": \"municipalite\", \"object\": \"Ch\\u00e9n\\u00e9ville\"}}, {\"added\": {\"name\": \"municipalite\", \"object\": \"Duhamel\"}}, {\"added\": {\"name\": \"municipalite\", \"object\": \"Fassett\"}}, {\"added\": {\"name\": \"municipalite\", \"object\": \"Lac Simon\"}}, {\"added\": {\"name\": \"municipalite\", \"object\": \"Lac-des-Plages\"}}, {\"added\": {\"name\": \"municipalite\", \"object\": \"Lochaber Ouest\"}}, {\"added\": {\"name\": \"municipalite\", \"object\": \"Mayo\"}}, {\"added\": {\"name\": \"municipalite\", \"object\": \"Montebello\"}}, {\"added\": {\"name\": \"municipalite\", \"object\": \"Montpellier\"}}, {\"added\": {\"name\": \"municipalite\", \"object\": \"Mulgrave & Derry\"}}, {\"added\": {\"name\": \"municipalite\", \"object\": \"Namur\"}}, {\"added\": {\"name\": \"municipalite\", \"object\": \"Notre-Dame-de-Bonsecours\"}}, {\"added\": {\"name\": \"municipalite\", \"object\": \"Notre-Dame-de-la-Paix\"}}, {\"added\": {\"name\": \"municipalite\", \"object\": \"Papineauville\"}}, {\"added\": {\"name\": \"municipalite\", \"object\": \"Plaisance\"}}, {\"added\": {\"name\": \"municipalite\", \"object\": \"Ripon\"}}, {\"added\": {\"name\": \"municipalite\", \"object\": \"Saint-Andr\\u00e9-Avelin\"}}, {\"added\": {\"name\": \"municipalite\", \"object\": \"Saint-\\u00c9mile-de-Suffolk\"}}, {\"added\": {\"name\": \"municipalite\", \"object\": \"Saint-Sixte\"}}, {\"added\": {\"name\": \"municipalite\", \"object\": \"Thurso\"}}, {\"added\": {\"name\": \"municipalite\", \"object\": \"Val-des-Monts\"}}]"
    }
  },
  {
    "model": "admin.logentry",
    "pk": 21,
    "fields": {
      "action_time": "2022-12-08T13:28:31.393Z",
      "user": 1,
      "content_type": 9,
      "object_id": "1",
      "object_repr": "Milieu forestier",
      "action_flag": 1,
      "change_message": "[{\"added\": {}}, {\"added\": {\"name\": \"SousHabitat\", \"object\": \"Non-d\\u00e9fini\"}}, {\"added\": {\"name\": \"SousHabitat\", \"object\": \"Conif\\u00e8res (> 75 % de conif\\u00e8res)\"}}]"
    }
  },
  {
    "model": "admin.logentry",
    "pk": 22,
    "fields": {
      "action_time": "2022-12-08T13:29:46.163Z",
      "user": 1,
      "content_type": 9,
      "object_id": "1",
      "object_repr": "Milieu forestier",
      "action_flag": 2,
      "change_message": "[{\"added\": {\"name\": \"SousHabitat\", \"object\": \"Mixte (> 25 % de conif\\u00e8res et > 25 % de feuil\"}}]"
    }
  },
  {
    "model": "admin.logentry",
    "pk": 23,
    "fields": {
      "action_time": "2022-12-08T13:30:34.428Z",
      "user": 1,
      "content_type": 9,
      "object_id": "1",
      "object_repr": "Milieu forestier",
      "action_flag": 2,
      "change_message": "[{\"changed\": {\"name\": \"SousHabitat\", \"object\": \"Mixte (> 25 % de conif\\u00e8res et > 25 % de feuilus\", \"fields\": [\"SousHabitat\"]}}]"
    }
  },
  {
    "model": "admin.logentry",
    "pk": 24,
    "fields": {
      "action_time": "2022-12-08T13:31:18.394Z",
      "user": 1,
      "content_type": 9,
      "object_id": "1",
      "object_repr": "Milieu forestier",
      "action_flag": 2,
      "change_message": "[{\"added\": {\"name\": \"SousHabitat\", \"object\": \"Feuillus (> 75 % de feuillus)\"}}, {\"added\": {\"name\": \"SousHabitat\", \"object\": \"Plantation\"}}, {\"added\": {\"name\": \"SousHabitat\", \"object\": \"Perturbation (p. ex. coupe, feu, chablis)\"}}]"
    }
  },
  {
    "model": "admin.logentry",
    "pk": 25,
    "fields": {
      "action_time": "2022-12-08T13:52:48.932Z",
      "user": 1,
      "content_type": 9,
      "object_id": "2",
      "object_repr": "Milieu agricole",
      "action_flag": 1,
      "change_message": "[{\"added\": {}}]"
    }
  },
  {
    "model": "admin.logentry",
    "pk": 26,
    "fields": {
      "action_time": "2022-12-08T13:53:00.493Z",
      "user": 1,
      "content_type": 9,
      "object_id": "3",
      "object_repr": "Milieu arbustif ou friche",
      "action_flag": 1,
      "change_message": "[{\"added\": {}}]"
    }
  },
  {
    "model": "admin.logentry",
    "pk": 27,
    "fields": {
      "action_time": "2022-12-08T13:53:10.440Z",
      "user": 1,
      "content_type": 9,
      "object_id": "4",
      "object_repr": "Milieu humide",
      "action_flag": 1,
      "change_message": "[{\"added\": {}}]"
    }
  },
  {
    "model": "admin.logentry",
    "pk": 28,
    "fields": {
      "action_time": "2022-12-08T13:53:28.078Z",
      "user": 1,
      "content_type": 9,
      "object_id": "5",
      "object_repr": "Milieu urbanisé ou anthropique",
      "action_flag": 1,
      "change_message": "[{\"added\": {}}]"
    }
  },
  {
    "model": "admin.logentry",
    "pk": 29,
    "fields": {
      "action_time": "2022-12-08T13:53:33.661Z",
      "user": 1,
      "content_type": 9,
      "object_id": "6",
      "object_repr": "Dénudé",
      "action_flag": 1,
      "change_message": "[{\"added\": {}}]"
    }
  },
  {
    "model": "admin.logentry",
    "pk": 30,
    "fields": {
      "action_time": "2022-12-08T13:54:27.393Z",
      "user": 1,
      "content_type": 9,
      "object_id": "6",
      "object_repr": "Dénudé",
      "action_flag": 2,
      "change_message": "[{\"added\": {\"name\": \"SousHabitat\", \"object\": \"Non-d\\u00e9fini\"}}, {\"added\": {\"name\": \"SousHabitat\", \"object\": \"Milieu alpin (lichens, mousses)\"}}, {\"added\": {\"name\": \"SousHabitat\", \"object\": \"Affleurement / d\\u00e9nud\\u00e9 rocheux (p. ex. \\u00e9boulis)\"}}, {\"added\": {\"name\": \"SousHabitat\", \"object\": \"Plage (rocheuse, graveleuse ou sableuse)\"}}]"
    }
  },
  {
    "model": "admin.logentry",
    "pk": 31,
    "fields": {
      "action_time": "2022-12-08T13:55:40.700Z",
      "user": 1,
      "content_type": 9,
      "object_id": "2",
      "object_repr": "Milieu agricole",
      "action_flag": 2,
      "change_message": "[{\"added\": {\"name\": \"SousHabitat\", \"object\": \"Non-d\\u00e9fini\"}}, {\"added\": {\"name\": \"SousHabitat\", \"object\": \"Culture annuelle (p. ex. ma\\u00efs, mara\\u00eechage)\"}}, {\"added\": {\"name\": \"SousHabitat\", \"object\": \"Fourrage (foin) ou p\\u00e2turage\"}}, {\"added\": {\"name\": \"SousHabitat\", \"object\": \"Verger ou vignoble\"}}]"
    }
  },
  {
    "model": "admin.logentry",
    "pk": 32,
    "fields": {
      "action_time": "2022-12-08T13:56:01.217Z",
      "user": 1,
      "content_type": 9,
      "object_id": "3",
      "object_repr": "Milieu arbustif ou friche",
      "action_flag": 2,
      "change_message": "[{\"added\": {\"name\": \"SousHabitat\", \"object\": \"Non-d\\u00e9fini\"}}]"
    }
  },
  {
    "model": "admin.logentry",
    "pk": 33,
    "fields": {
      "action_time": "2022-12-08T13:57:05.862Z",
      "user": 1,
      "content_type": 9,
      "object_id": "4",
      "object_repr": "Milieu humide",
      "action_flag": 2,
      "change_message": "[{\"added\": {\"name\": \"SousHabitat\", \"object\": \"Non-d\\u00e9fini\"}}, {\"added\": {\"name\": \"SousHabitat\", \"object\": \"Marais\"}}, {\"added\": {\"name\": \"SousHabitat\", \"object\": \"Tourbi\\u00e8re (ombrotrophe ou min\\u00e9rotrophe)\"}}, {\"added\": {\"name\": \"SousHabitat\", \"object\": \"Mar\\u00e9cage arbustif (p. ex. aulnaie, saulaie)\"}}, {\"added\": {\"name\": \"SousHabitat\", \"object\": \"Prairie humide\"}}]"
    }
  },
  {
    "model": "admin.logentry",
    "pk": 34,
    "fields": {
      "action_time": "2022-12-08T13:57:52.843Z",
      "user": 1,
      "content_type": 9,
      "object_id": "5",
      "object_repr": "Milieu urbanisé ou anthropique",
      "action_flag": 2,
      "change_message": "[{\"added\": {\"name\": \"SousHabitat\", \"object\": \"Non-d\\u00e9fini\"}}, {\"added\": {\"name\": \"SousHabitat\", \"object\": \"Urbain b\\u00e2ti (p. ex. ville, village, site industriel)\"}}, {\"added\": {\"name\": \"SousHabitat\", \"object\": \"Urbain \\u00ab vert \\u00bb (p. ex. parc, cimeti\\u00e8re, golf)\"}}, {\"added\": {\"name\": \"SousHabitat\", \"object\": \"Exploitation (p. ex. sabli\\u00e8re, gravi\\u00e8re, d\\u00e9potoir)\"}}]"
    }
  },
  {
    "model": "admin.logentry",
    "pk": 35,
    "fields": {
      "action_time": "2022-12-08T16:08:50.891Z",
      "user": 1,
      "content_type": 11,
      "object_id": "1",
      "object_repr": "SiteOrnitho object (1)",
      "action_flag": 1,
      "change_message": "[{\"added\": {}}]"
    }
  },
  {
    "model": "admin.logentry",
    "pk": 36,
    "fields": {
      "action_time": "2022-12-08T16:23:22.537Z",
      "user": 1,
      "content_type": 11,
      "object_id": "1",
      "object_repr": "SiteOrnitho object (1)",
      "action_flag": 2,
      "change_message": "[{\"changed\": {\"fields\": [\"Sous habitat\"]}}]"
    }
  },
  {
    "model": "admin.logentry",
    "pk": 37,
    "fields": {
      "action_time": "2022-12-08T16:24:36.237Z",
      "user": 1,
      "content_type": 11,
      "object_id": "1",
      "object_repr": "SiteOrnitho object (1)",
      "action_flag": 2,
      "change_message": "[]"
    }
  },
  {
    "model": "admin.logentry",
    "pk": 38,
    "fields": {
      "action_time": "2022-12-08T16:25:06.311Z",
      "user": 1,
      "content_type": 11,
      "object_id": "1",
      "object_repr": "SiteOrnitho object (1)",
      "action_flag": 2,
      "change_message": "[{\"changed\": {\"fields\": [\"Sous habitat\"]}}]"
    }
  },
  {
    "model": "admin.logentry",
    "pk": 39,
    "fields": {
      "action_time": "2022-12-09T13:21:43.481Z",
      "user": 1,
      "content_type": 12,
      "object_id": "1",
      "object_repr": "SiteOrnithoImage object (1)",
      "action_flag": 1,
      "change_message": "[{\"added\": {}}]"
    }
  },
  {
    "model": "admin.logentry",
    "pk": 40,
    "fields": {
      "action_time": "2022-12-09T13:26:55.950Z",
      "user": 1,
      "content_type": 12,
      "object_id": "1",
      "object_repr": "Place Cité jardin - Vue generale - Mario St-Gelais",
      "action_flag": 2,
      "change_message": "[{\"changed\": {\"fields\": [\"Titre\"]}}]"
    }
  },
  {
    "model": "admin.logentry",
    "pk": 41,
    "fields": {
      "action_time": "2022-12-09T13:27:22.149Z",
      "user": 1,
      "content_type": 12,
      "object_id": "1",
      "object_repr": "Place Cité jardin - Vue generale - Mario St-Gelais",
      "action_flag": 2,
      "change_message": "[]"
    }
  },
  {
    "model": "admin.logentry",
    "pk": 42,
    "fields": {
      "action_time": "2022-12-09T13:28:14.695Z",
      "user": 1,
      "content_type": 12,
      "object_id": "1",
      "object_repr": "Place Cité jardin - Vue generale - Mario St-Gelais",
      "action_flag": 2,
      "change_message": "[]"
    }
  },
  {
    "model": "admin.logentry",
    "pk": 43,
    "fields": {
      "action_time": "2022-12-09T16:55:21.936Z",
      "user": 1,
      "content_type": 11,
      "object_id": "2",
      "object_repr": "Marais aux grenouillettes - Gatineau",
      "action_flag": 1,
      "change_message": "[{\"added\": {}}]"
    }
  },
  {
    "model": "admin.logentry",
    "pk": 44,
    "fields": {
      "action_time": "2022-12-09T16:56:21.745Z",
      "user": 1,
      "content_type": 11,
      "object_id": "3",
      "object_repr": "Marais des Laîches - Gatineau",
      "action_flag": 1,
      "change_message": "[{\"added\": {}}]"
    }
  },
  {
    "model": "admin.logentry",
    "pk": 45,
    "fields": {
      "action_time": "2022-12-12T17:45:09.013Z",
      "user": 1,
      "content_type": 11,
      "object_id": "2",
      "object_repr": "Marais aux grenouillettes - Gatineau",
      "action_flag": 2,
      "change_message": "[{\"changed\": {\"fields\": [\"Id de localisation\"]}}]"
    }
  },
  {
    "model": "admin.logentry",
    "pk": 46,
    "fields": {
      "action_time": "2022-12-12T17:53:37.295Z",
      "user": 1,
      "content_type": 11,
      "object_id": "1",
      "object_repr": "Jardins Place de la Cité - Gatineau",
      "action_flag": 2,
      "change_message": "[{\"changed\": {\"fields\": [\"Description g\\u00e9n\\u00e9rale\", \"Banc disponible\", \"Table \\u00e0 picnique\", \"Transport en commun\", \"Acc\\u00e8s gratuit\", \"Enjeux de conservation\", \"Bon \\u00e0 savoir\"]}}]"
    }
  },
  {
    "model": "admin.logentry",
    "pk": 47,
    "fields": {
      "action_time": "2022-12-12T18:55:47.531Z",
      "user": 1,
      "content_type": 11,
      "object_id": "3",
      "object_repr": "Marais des Laîches - Gatineau - habitat.SousHabitat.None",
      "action_flag": 2,
      "change_message": "[{\"changed\": {\"fields\": [\"Sous habitat\"]}}]"
    }
  },
  {
    "model": "admin.logentry",
    "pk": 48,
    "fields": {
      "action_time": "2022-12-12T19:25:36.155Z",
      "user": 1,
      "content_type": 12,
      "object_id": "2",
      "object_repr": "le marais - klklklk",
      "action_flag": 1,
      "change_message": "[{\"added\": {}}]"
    }
  },
  {
    "model": "auth.permission",
    "pk": 1,
    "fields": {
      "name": "Can add log entry",
      "content_type": 1,
      "codename": "add_logentry"
    }
  },
  {
    "model": "auth.permission",
    "pk": 2,
    "fields": {
      "name": "Can change log entry",
      "content_type": 1,
      "codename": "change_logentry"
    }
  },
  {
    "model": "auth.permission",
    "pk": 3,
    "fields": {
      "name": "Can delete log entry",
      "content_type": 1,
      "codename": "delete_logentry"
    }
  },
  {
    "model": "auth.permission",
    "pk": 4,
    "fields": {
      "name": "Can view log entry",
      "content_type": 1,
      "codename": "view_logentry"
    }
  },
  {
    "model": "auth.permission",
    "pk": 5,
    "fields": {
      "name": "Can add permission",
      "content_type": 2,
      "codename": "add_permission"
    }
  },
  {
    "model": "auth.permission",
    "pk": 6,
    "fields": {
      "name": "Can change permission",
      "content_type": 2,
      "codename": "change_permission"
    }
  },
  {
    "model": "auth.permission",
    "pk": 7,
    "fields": {
      "name": "Can delete permission",
      "content_type": 2,
      "codename": "delete_permission"
    }
  },
  {
    "model": "auth.permission",
    "pk": 8,
    "fields": {
      "name": "Can view permission",
      "content_type": 2,
      "codename": "view_permission"
    }
  },
  {
    "model": "auth.permission",
    "pk": 9,
    "fields": {
      "name": "Can add group",
      "content_type": 3,
      "codename": "add_group"
    }
  },
  {
    "model": "auth.permission",
    "pk": 10,
    "fields": {
      "name": "Can change group",
      "content_type": 3,
      "codename": "change_group"
    }
  },
  {
    "model": "auth.permission",
    "pk": 11,
    "fields": {
      "name": "Can delete group",
      "content_type": 3,
      "codename": "delete_group"
    }
  },
  {
    "model": "auth.permission",
    "pk": 12,
    "fields": {
      "name": "Can view group",
      "content_type": 3,
      "codename": "view_group"
    }
  },
  {
    "model": "auth.permission",
    "pk": 13,
    "fields": {
      "name": "Can add user",
      "content_type": 4,
      "codename": "add_user"
    }
  },
  {
    "model": "auth.permission",
    "pk": 14,
    "fields": {
      "name": "Can change user",
      "content_type": 4,
      "codename": "change_user"
    }
  },
  {
    "model": "auth.permission",
    "pk": 15,
    "fields": {
      "name": "Can delete user",
      "content_type": 4,
      "codename": "delete_user"
    }
  },
  {
    "model": "auth.permission",
    "pk": 16,
    "fields": {
      "name": "Can view user",
      "content_type": 4,
      "codename": "view_user"
    }
  },
  {
    "model": "auth.permission",
    "pk": 17,
    "fields": {
      "name": "Can add content type",
      "content_type": 5,
      "codename": "add_contenttype"
    }
  },
  {
    "model": "auth.permission",
    "pk": 18,
    "fields": {
      "name": "Can change content type",
      "content_type": 5,
      "codename": "change_contenttype"
    }
  },
  {
    "model": "auth.permission",
    "pk": 19,
    "fields": {
      "name": "Can delete content type",
      "content_type": 5,
      "codename": "delete_contenttype"
    }
  },
  {
    "model": "auth.permission",
    "pk": 20,
    "fields": {
      "name": "Can view content type",
      "content_type": 5,
      "codename": "view_contenttype"
    }
  },
  {
    "model": "auth.permission",
    "pk": 21,
    "fields": {
      "name": "Can add session",
      "content_type": 6,
      "codename": "add_session"
    }
  },
  {
    "model": "auth.permission",
    "pk": 22,
    "fields": {
      "name": "Can change session",
      "content_type": 6,
      "codename": "change_session"
    }
  },
  {
    "model": "auth.permission",
    "pk": 23,
    "fields": {
      "name": "Can delete session",
      "content_type": 6,
      "codename": "delete_session"
    }
  },
  {
    "model": "auth.permission",
    "pk": 24,
    "fields": {
      "name": "Can view session",
      "content_type": 6,
      "codename": "view_session"
    }
  },
  {
    "model": "auth.permission",
    "pk": 25,
    "fields": {
      "name": "Can add mrc",
      "content_type": 7,
      "codename": "add_mrc"
    }
  },
  {
    "model": "auth.permission",
    "pk": 26,
    "fields": {
      "name": "Can change mrc",
      "content_type": 7,
      "codename": "change_mrc"
    }
  },
  {
    "model": "auth.permission",
    "pk": 27,
    "fields": {
      "name": "Can delete mrc",
      "content_type": 7,
      "codename": "delete_mrc"
    }
  },
  {
    "model": "auth.permission",
    "pk": 28,
    "fields": {
      "name": "Can view mrc",
      "content_type": 7,
      "codename": "view_mrc"
    }
  },
  {
    "model": "auth.permission",
    "pk": 29,
    "fields": {
      "name": "Can add municipalite",
      "content_type": 8,
      "codename": "add_municipalite"
    }
  },
  {
    "model": "auth.permission",
    "pk": 30,
    "fields": {
      "name": "Can change municipalite",
      "content_type": 8,
      "codename": "change_municipalite"
    }
  },
  {
    "model": "auth.permission",
    "pk": 31,
    "fields": {
      "name": "Can delete municipalite",
      "content_type": 8,
      "codename": "delete_municipalite"
    }
  },
  {
    "model": "auth.permission",
    "pk": 32,
    "fields": {
      "name": "Can view municipalite",
      "content_type": 8,
      "codename": "view_municipalite"
    }
  },
  {
    "model": "auth.permission",
    "pk": 33,
    "fields": {
      "name": "Can add Habitat",
      "content_type": 9,
      "codename": "add_habitat"
    }
  },
  {
    "model": "auth.permission",
    "pk": 34,
    "fields": {
      "name": "Can change Habitat",
      "content_type": 9,
      "codename": "change_habitat"
    }
  },
  {
    "model": "auth.permission",
    "pk": 35,
    "fields": {
      "name": "Can delete Habitat",
      "content_type": 9,
      "codename": "delete_habitat"
    }
  },
  {
    "model": "auth.permission",
    "pk": 36,
    "fields": {
      "name": "Can view Habitat",
      "content_type": 9,
      "codename": "view_habitat"
    }
  },
  {
    "model": "auth.permission",
    "pk": 37,
    "fields": {
      "name": "Can add SousHabitat",
      "content_type": 10,
      "codename": "add_soushabitat"
    }
  },
  {
    "model": "auth.permission",
    "pk": 38,
    "fields": {
      "name": "Can change SousHabitat",
      "content_type": 10,
      "codename": "change_soushabitat"
    }
  },
  {
    "model": "auth.permission",
    "pk": 39,
    "fields": {
      "name": "Can delete SousHabitat",
      "content_type": 10,
      "codename": "delete_soushabitat"
    }
  },
  {
    "model": "auth.permission",
    "pk": 40,
    "fields": {
      "name": "Can view SousHabitat",
      "content_type": 10,
      "codename": "view_soushabitat"
    }
  },
  {
    "model": "auth.permission",
    "pk": 41,
    "fields": {
      "name": "Can add site ornitho",
      "content_type": 11,
      "codename": "add_siteornitho"
    }
  },
  {
    "model": "auth.permission",
    "pk": 42,
    "fields": {
      "name": "Can change site ornitho",
      "content_type": 11,
      "codename": "change_siteornitho"
    }
  },
  {
    "model": "auth.permission",
    "pk": 43,
    "fields": {
      "name": "Can delete site ornitho",
      "content_type": 11,
      "codename": "delete_siteornitho"
    }
  },
  {
    "model": "auth.permission",
    "pk": 44,
    "fields": {
      "name": "Can view site ornitho",
      "content_type": 11,
      "codename": "view_siteornitho"
    }
  },
  {
    "model": "auth.permission",
    "pk": 45,
    "fields": {
      "name": "Can add site ornitho image",
      "content_type": 12,
      "codename": "add_siteornithoimage"
    }
  },
  {
    "model": "auth.permission",
    "pk": 46,
    "fields": {
      "name": "Can change site ornitho image",
      "content_type": 12,
      "codename": "change_siteornithoimage"
    }
  },
  {
    "model": "auth.permission",
    "pk": 47,
    "fields": {
      "name": "Can delete site ornitho image",
      "content_type": 12,
      "codename": "delete_siteornithoimage"
    }
  },
  {
    "model": "auth.permission",
    "pk": 48,
    "fields": {
      "name": "Can view site ornitho image",
      "content_type": 12,
      "codename": "view_siteornithoimage"
    }
  },
  {
    "model": "auth.user",
    "pk": 1,
    "fields": {
      "password": "pbkdf2_sha256$390000$5Gj45qTG1uE3UWjNDuZI5R$F66vQ3zhEa6Ft4jYg1qyP14JPQwInVhnetfvRCQ3UPA=",
      "last_login": "2022-12-12T14:21:33.020Z",
      "is_superuser": true,
      "username": "admin",
      "first_name": "",
      "last_name": "",
      "email": "mario.stg@videotron.ca",
      "is_staff": true,
      "is_active": true,
      "date_joined": "2022-12-08T03:57:30.190Z",
      "groups": [],
      "user_permissions": []
    }
  },
  {
    "model": "contenttypes.contenttype",
    "pk": 1,
    "fields": { "app_label": "admin", "model": "logentry" }
  },
  {
    "model": "contenttypes.contenttype",
    "pk": 2,
    "fields": { "app_label": "auth", "model": "permission" }
  },
  {
    "model": "contenttypes.contenttype",
    "pk": 3,
    "fields": { "app_label": "auth", "model": "group" }
  },
  {
    "model": "contenttypes.contenttype",
    "pk": 4,
    "fields": { "app_label": "auth", "model": "user" }
  },
  {
    "model": "contenttypes.contenttype",
    "pk": 5,
    "fields": { "app_label": "contenttypes", "model": "contenttype" }
  },
  {
    "model": "contenttypes.contenttype",
    "pk": 6,
    "fields": { "app_label": "sessions", "model": "session" }
  },
  {
    "model": "contenttypes.contenttype",
    "pk": 7,
    "fields": { "app_label": "geographie", "model": "mrc" }
  },
  {
    "model": "contenttypes.contenttype",
    "pk": 8,
    "fields": { "app_label": "geographie", "model": "municipalite" }
  },
  {
    "model": "contenttypes.contenttype",
    "pk": 9,
    "fields": { "app_label": "habitat", "model": "habitat" }
  },
  {
    "model": "contenttypes.contenttype",
    "pk": 10,
    "fields": { "app_label": "habitat", "model": "soushabitat" }
  },
  {
    "model": "contenttypes.contenttype",
    "pk": 11,
    "fields": { "app_label": "siteornitho", "model": "siteornitho" }
  },
  {
    "model": "contenttypes.contenttype",
    "pk": 12,
    "fields": { "app_label": "siteornitho", "model": "siteornithoimage" }
  },
  {
    "model": "sessions.session",
    "pk": "1wpxjoygkmmcyglaqtrfd97oppfsqadf",
    "fields": {
      "session_data": ".eJxVjMsOwiAQRf-FtSFAebp07zcQZhikaiAp7cr479qkC93ec859sZi2tcZt0BLnzM5MstPvBgkf1HaQ76ndOsfe1mUGviv8oINfe6bn5XD_Dmoa9Vsbq0oJIgtFBqwn4dFrcImKVEaRgwTGe3Sy2BxcQa3V5G0BjSZM2lr2_gDneTe_:1p382p:bSTwEKZv1zQqH7gtNklgyvUVlSlTKktQ8z_TbDOBMR0",
      "expire_date": "2022-12-22T03:57:59.870Z"
    }
  },
  {
    "model": "sessions.session",
    "pk": "mk1pyag1m6aujylextr6w0diqtaanu2q",
    "fields": {
      "session_data": ".eJxVjMsOwiAQRf-FtSFAebp07zcQZhikaiAp7cr479qkC93ec859sZi2tcZt0BLnzM5MstPvBgkf1HaQ76ndOsfe1mUGviv8oINfe6bn5XD_Dmoa9Vsbq0oJIgtFBqwn4dFrcImKVEaRgwTGe3Sy2BxcQa3V5G0BjSZM2lr2_gDneTe_:1p3G8Z:uTpJO1FLfHQDnub2EuwB4lIdX0QD9vxDYtjo9wPZVR8",
      "expire_date": "2022-12-22T12:36:27.898Z"
    }
  },
  {
    "model": "sessions.session",
    "pk": "tqggult0xio6acesef4yb3yf7srh72lz",
    "fields": {
      "session_data": ".eJxVjMsOwiAQRf-FtSFAebp07zcQZhikaiAp7cr479qkC93ec859sZi2tcZt0BLnzM5MstPvBgkf1HaQ76ndOsfe1mUGviv8oINfe6bn5XD_Dmoa9Vsbq0oJIgtFBqwn4dFrcImKVEaRgwTGe3Sy2BxcQa3V5G0BjSZM2lr2_gDneTe_:1p4jgT:DV0GSTHZG1UGAWzhUUSjH7OkuGAc43h5YY5DNNbNJOo",
      "expire_date": "2022-12-26T14:21:33.022Z"
    }
  },
  {
    "model": "geographie.mrc",
    "pk": 1,
    "fields": { "name": "Les Collines de l'Outaouais" }
  },
  { "model": "geographie.mrc", "pk": 2, "fields": { "name": "Papineau" } },
  { "model": "geographie.mrc", "pk": 3, "fields": { "name": "Pontiac" } },
  {
    "model": "geographie.mrc",
    "pk": 4,
    "fields": { "name": "La Vallée-de-la-Gatineau" }
  },
  {
    "model": "geographie.mrc",
    "pk": 5,
    "fields": { "name": "Antoine-Labelle" }
  },
  { "model": "geographie.mrc", "pk": 6, "fields": { "name": "Argenteuil" } },
  {
    "model": "geographie.mrc",
    "pk": 7,
    "fields": { "name": "Les Laurentides" }
  },
  {
    "model": "geographie.mrc",
    "pk": 8,
    "fields": { "name": "Vallée-de-l'Or" }
  },
  { "model": "geographie.mrc", "pk": 9, "fields": { "name": "Matawinie" } },
  { "model": "geographie.mrc", "pk": 10, "fields": { "name": "Gatineau" } },
  {
    "model": "geographie.municipalite",
    "pk": 1,
    "fields": { "name": "Gatineau", "mrc": 10 }
  },
  {
    "model": "geographie.municipalite",
    "pk": 2,
    "fields": { "name": "Lac-du-Taureau", "mrc": 9 }
  },
  {
    "model": "geographie.municipalite",
    "pk": 3,
    "fields": { "name": "Lac-Cabasta", "mrc": 9 }
  },
  {
    "model": "geographie.municipalite",
    "pk": 4,
    "fields": { "name": "Réservoir-Dozois", "mrc": 8 }
  },
  {
    "model": "geographie.municipalite",
    "pk": 5,
    "fields": { "name": "Amherst", "mrc": 7 }
  },
  {
    "model": "geographie.municipalite",
    "pk": 6,
    "fields": { "name": "Grenville-sur-la-Rouge", "mrc": 6 }
  },
  {
    "model": "geographie.municipalite",
    "pk": 7,
    "fields": { "name": "Chute-Saint-Philippe", "mrc": 5 }
  },
  {
    "model": "geographie.municipalite",
    "pk": 8,
    "fields": { "name": "Ferme-Neuve", "mrc": 5 }
  },
  {
    "model": "geographie.municipalite",
    "pk": 9,
    "fields": { "name": "Kiamika", "mrc": 5 }
  },
  {
    "model": "geographie.municipalite",
    "pk": 10,
    "fields": { "name": "Lac-Akonapwehikan", "mrc": 5 }
  },
  {
    "model": "geographie.municipalite",
    "pk": 11,
    "fields": { "name": "Lac-Bazinet", "mrc": 5 }
  },
  {
    "model": "geographie.municipalite",
    "pk": 12,
    "fields": { "name": "Lac-De La Bidière", "mrc": 5 }
  },
  {
    "model": "geographie.municipalite",
    "pk": 13,
    "fields": { "name": "Lac-des-Écorces", "mrc": 5 }
  },
  {
    "model": "geographie.municipalite",
    "pk": 14,
    "fields": { "name": "Lac-Douaire", "mrc": 5 }
  },
  {
    "model": "geographie.municipalite",
    "pk": 15,
    "fields": { "name": "Lac-Du-Cerf", "mrc": 5 }
  },
  {
    "model": "geographie.municipalite",
    "pk": 16,
    "fields": { "name": "Lac-Ernest", "mrc": 5 }
  },
  {
    "model": "geographie.municipalite",
    "pk": 17,
    "fields": { "name": "Lac-Marguerite", "mrc": 5 }
  },
  {
    "model": "geographie.municipalite",
    "pk": 18,
    "fields": { "name": "Lac-Oscar", "mrc": 5 }
  },
  {
    "model": "geographie.municipalite",
    "pk": 19,
    "fields": { "name": "Lac-Saguay", "mrc": 5 }
  },
  {
    "model": "geographie.municipalite",
    "pk": 20,
    "fields": { "name": "Lac-Saint-Paul", "mrc": 5 }
  },
  {
    "model": "geographie.municipalite",
    "pk": 21,
    "fields": { "name": "Lac-Wagwabika", "mrc": 5 }
  },
  {
    "model": "geographie.municipalite",
    "pk": 22,
    "fields": { "name": "Mont-Laurier", "mrc": 5 }
  },
  {
    "model": "geographie.municipalite",
    "pk": 23,
    "fields": { "name": "Mont-Saint-Michel", "mrc": 5 }
  },
  {
    "model": "geographie.municipalite",
    "pk": 24,
    "fields": { "name": "Notre-Dame-Pontmain", "mrc": 5 }
  },
  {
    "model": "geographie.municipalite",
    "pk": 25,
    "fields": { "name": "Notre-Dame-du-Laus", "mrc": 5 }
  },
  {
    "model": "geographie.municipalite",
    "pk": 26,
    "fields": { "name": "Saint-Aimé-du-Lac-des-Îles", "mrc": 5 }
  },
  {
    "model": "geographie.municipalite",
    "pk": 27,
    "fields": { "name": "Sainte-Anne-du-Lac", "mrc": 5 }
  },
  {
    "model": "geographie.municipalite",
    "pk": 28,
    "fields": { "name": "Bowman", "mrc": 2 }
  },
  {
    "model": "geographie.municipalite",
    "pk": 29,
    "fields": { "name": "Boileau", "mrc": 2 }
  },
  {
    "model": "geographie.municipalite",
    "pk": 30,
    "fields": { "name": "Chénéville", "mrc": 2 }
  },
  {
    "model": "geographie.municipalite",
    "pk": 31,
    "fields": { "name": "Duhamel", "mrc": 2 }
  },
  {
    "model": "geographie.municipalite",
    "pk": 32,
    "fields": { "name": "Fassett", "mrc": 2 }
  },
  {
    "model": "geographie.municipalite",
    "pk": 33,
    "fields": { "name": "Lac Simon", "mrc": 2 }
  },
  {
    "model": "geographie.municipalite",
    "pk": 34,
    "fields": { "name": "Lac-des-Plages", "mrc": 2 }
  },
  {
    "model": "geographie.municipalite",
    "pk": 35,
    "fields": { "name": "Lochaber Ouest", "mrc": 2 }
  },
  {
    "model": "geographie.municipalite",
    "pk": 36,
    "fields": { "name": "Mayo", "mrc": 2 }
  },
  {
    "model": "geographie.municipalite",
    "pk": 37,
    "fields": { "name": "Montebello", "mrc": 2 }
  },
  {
    "model": "geographie.municipalite",
    "pk": 38,
    "fields": { "name": "Montpellier", "mrc": 2 }
  },
  {
    "model": "geographie.municipalite",
    "pk": 39,
    "fields": { "name": "Mulgrave & Derry", "mrc": 2 }
  },
  {
    "model": "geographie.municipalite",
    "pk": 40,
    "fields": { "name": "Namur", "mrc": 2 }
  },
  {
    "model": "geographie.municipalite",
    "pk": 41,
    "fields": { "name": "Notre-Dame-de-Bonsecours", "mrc": 2 }
  },
  {
    "model": "geographie.municipalite",
    "pk": 42,
    "fields": { "name": "Notre-Dame-de-la-Paix", "mrc": 2 }
  },
  {
    "model": "geographie.municipalite",
    "pk": 43,
    "fields": { "name": "Papineauville", "mrc": 2 }
  },
  {
    "model": "geographie.municipalite",
    "pk": 44,
    "fields": { "name": "Plaisance", "mrc": 2 }
  },
  {
    "model": "geographie.municipalite",
    "pk": 45,
    "fields": { "name": "Ripon", "mrc": 2 }
  },
  {
    "model": "geographie.municipalite",
    "pk": 46,
    "fields": { "name": "Saint-André-Avelin", "mrc": 2 }
  },
  {
    "model": "geographie.municipalite",
    "pk": 47,
    "fields": { "name": "Saint-Émile-de-Suffolk", "mrc": 2 }
  },
  {
    "model": "geographie.municipalite",
    "pk": 48,
    "fields": { "name": "Saint-Sixte", "mrc": 2 }
  },
  {
    "model": "geographie.municipalite",
    "pk": 49,
    "fields": { "name": "Thurso", "mrc": 2 }
  },
  {
    "model": "geographie.municipalite",
    "pk": 50,
    "fields": { "name": "Val-des-Monts", "mrc": 2 }
  },
  {
    "model": "habitat.habitat",
    "pk": 1,
    "fields": { "habitat": "Milieu forestier" }
  },
  {
    "model": "habitat.habitat",
    "pk": 2,
    "fields": { "habitat": "Milieu agricole" }
  },
  {
    "model": "habitat.habitat",
    "pk": 3,
    "fields": { "habitat": "Milieu arbustif ou friche" }
  },
  {
    "model": "habitat.habitat",
    "pk": 4,
    "fields": { "habitat": "Milieu humide" }
  },
  {
    "model": "habitat.habitat",
    "pk": 5,
    "fields": { "habitat": "Milieu urbanisé ou anthropique" }
  },
  { "model": "habitat.habitat", "pk": 6, "fields": { "habitat": "Dénudé" } },
  {
    "model": "habitat.soushabitat",
    "pk": 1,
    "fields": { "sous_habitat": "Non-défini", "habitat": 1 }
  },
  {
    "model": "habitat.soushabitat",
    "pk": 2,
    "fields": {
      "sous_habitat": "Conifères (> 75 % de conifères)",
      "habitat": 1
    }
  },
  {
    "model": "habitat.soushabitat",
    "pk": 3,
    "fields": {
      "sous_habitat": "Mixte (> 25 % de conifères et > 25 % de feuilus",
      "habitat": 1
    }
  },
  {
    "model": "habitat.soushabitat",
    "pk": 4,
    "fields": { "sous_habitat": "Feuillus (> 75 % de feuillus)", "habitat": 1 }
  },
  {
    "model": "habitat.soushabitat",
    "pk": 5,
    "fields": { "sous_habitat": "Plantation", "habitat": 1 }
  },
  {
    "model": "habitat.soushabitat",
    "pk": 6,
    "fields": {
      "sous_habitat": "Perturbation (p. ex. coupe, feu, chablis)",
      "habitat": 1
    }
  },
  {
    "model": "habitat.soushabitat",
    "pk": 7,
    "fields": { "sous_habitat": "Non-défini", "habitat": 6 }
  },
  {
    "model": "habitat.soushabitat",
    "pk": 8,
    "fields": {
      "sous_habitat": "Milieu alpin (lichens, mousses)",
      "habitat": 6
    }
  },
  {
    "model": "habitat.soushabitat",
    "pk": 9,
    "fields": {
      "sous_habitat": "Affleurement / dénudé rocheux (p. ex. éboulis)",
      "habitat": 6
    }
  },
  {
    "model": "habitat.soushabitat",
    "pk": 10,
    "fields": {
      "sous_habitat": "Plage (rocheuse, graveleuse ou sableuse)",
      "habitat": 6
    }
  },
  {
    "model": "habitat.soushabitat",
    "pk": 11,
    "fields": { "sous_habitat": "Non-défini", "habitat": 2 }
  },
  {
    "model": "habitat.soushabitat",
    "pk": 12,
    "fields": {
      "sous_habitat": "Culture annuelle (p. ex. maïs, maraîchage)",
      "habitat": 2
    }
  },
  {
    "model": "habitat.soushabitat",
    "pk": 13,
    "fields": { "sous_habitat": "Fourrage (foin) ou pâturage", "habitat": 2 }
  },
  {
    "model": "habitat.soushabitat",
    "pk": 14,
    "fields": { "sous_habitat": "Verger ou vignoble", "habitat": 2 }
  },
  {
    "model": "habitat.soushabitat",
    "pk": 15,
    "fields": { "sous_habitat": "Non-défini", "habitat": 3 }
  },
  {
    "model": "habitat.soushabitat",
    "pk": 16,
    "fields": { "sous_habitat": "Non-défini", "habitat": 4 }
  },
  {
    "model": "habitat.soushabitat",
    "pk": 17,
    "fields": { "sous_habitat": "Marais", "habitat": 4 }
  },
  {
    "model": "habitat.soushabitat",
    "pk": 18,
    "fields": {
      "sous_habitat": "Tourbière (ombrotrophe ou minérotrophe)",
      "habitat": 4
    }
  },
  {
    "model": "habitat.soushabitat",
    "pk": 19,
    "fields": {
      "sous_habitat": "Marécage arbustif (p. ex. aulnaie, saulaie)",
      "habitat": 4
    }
  },
  {
    "model": "habitat.soushabitat",
    "pk": 20,
    "fields": { "sous_habitat": "Prairie humide", "habitat": 4 }
  },
  {
    "model": "habitat.soushabitat",
    "pk": 21,
    "fields": { "sous_habitat": "Non-défini", "habitat": 5 }
  },
  {
    "model": "habitat.soushabitat",
    "pk": 22,
    "fields": {
      "sous_habitat": "Urbain bâti (p. ex. ville, village, site industriel)",
      "habitat": 5
    }
  },
  {
    "model": "habitat.soushabitat",
    "pk": 23,
    "fields": {
      "sous_habitat": "Urbain « vert » (p. ex. parc, cimetière, golf)",
      "habitat": 5
    }
  },
  {
    "model": "habitat.soushabitat",
    "pk": 24,
    "fields": {
      "sous_habitat": "Exploitation (p. ex. sablière, gravière, dépotoir)",
      "habitat": 5
    }
  },
  {
    "model": "siteornitho.siteornitho",
    "pk": 1,
    "fields": {
      "nom_du_site": "Jardins Place de la Cité",
      "locid": null,
      "longitude": "-75.111100",
      "latitude": "48.222200",
      "url": null,
      "auteur": "Lynda Noel",
      "miseajour": "2022-12-12",
      "municipalite": 1,
      "stakeholder": "blabla",
      "periode_interet_debut": 0,
      "periode_interet_fin": null,
      "description_generale": "2 mangeoires dans un parc multi-génération.",
      "transport": true,
      "acces_gratuit": true,
      "bon_a_savoir": "na",
      "toilette": false,
      "picnique": true,
      "banc": true,
      "enjeux": "aucun",
      "sous_habitat": [22, 23]
    }
  },
  {
    "model": "siteornitho.siteornitho",
    "pk": 2,
    "fields": {
      "nom_du_site": "Marais aux grenouillettes",
      "locid": "L2200989",
      "longitude": "-75.000000",
      "latitude": "43.000000",
      "url": null,
      "auteur": "Mario St-Gelais",
      "miseajour": "2022-12-12",
      "municipalite": 1,
      "stakeholder": null,
      "periode_interet_debut": 1,
      "periode_interet_fin": 9,
      "description_generale": "Un beau site marécageux",
      "transport": false,
      "acces_gratuit": false,
      "bon_a_savoir": "aucun",
      "toilette": false,
      "picnique": false,
      "banc": false,
      "enjeux": "aucun",
      "sous_habitat": [17]
    }
  },
  {
    "model": "siteornitho.siteornitho",
    "pk": 3,
    "fields": {
      "nom_du_site": "Marais des Laîches",
      "locid": null,
      "longitude": "-74.000000",
      "latitude": "45.000000",
      "url": null,
      "auteur": "Mario St-Gelais",
      "miseajour": "2022-12-12",
      "municipalite": 1,
      "stakeholder": null,
      "periode_interet_debut": 1,
      "periode_interet_fin": 10,
      "description_generale": "Un Gros site",
      "transport": false,
      "acces_gratuit": false,
      "bon_a_savoir": "Aucun",
      "toilette": false,
      "picnique": false,
      "banc": false,
      "enjeux": "Aucun",
      "sous_habitat": [9, 11]
    }
  },
  {
    "model": "siteornitho.siteornithoimage",
    "pk": 1,
    "fields": {
      "siteornitho": 1,
      "title": "Place Cité jardin - Vue generale",
      "photo_author": "Mario St-Gelais",
      "photo_date": "2022-12-09",
      "image": "siteornitho/images/2022-10-24-16-03-40.JPG"
    }
  },
  {
    "model": "siteornitho.siteornithoimage",
    "pk": 2,
    "fields": {
      "siteornitho": 2,
      "title": "le marais",
      "photo_author": "klklklk",
      "photo_date": "2022-12-05",
      "image": "siteornitho/images/2022-09-07-09-14-42_v1.JPG"
    }
  }
]
